usage_start,product_code,usage_type,resource_id,feature,tier,nodepool,unblended_cost_usd
2026-09-04T18:00:00Z,AmazonEC2,EUC1-SpotUsage:c7i-flex.2xlarge,i-0f2304c2237f0b82f,simple-rag,apps-serving,apps-serving,0.1912
2026-09-04T18:00:00Z,AmazonEC2,EUC1-SpotUsage:c7i-flex.2xlarge,i-0fdfa4715dd494628,simple-rag,apps-serving,apps-serving,0.1882
2026-09-04T18:00:00Z,AmazonCloudWatch,EUC1-VendedLog-Bytes,arn:aws:logs:eu-central-1:790348267926:log-group:/aws/eks/simple-rag-cluster/cluster,,,,0.13828628
2026-09-04T18:00:00Z,AmazonEC2,EUC1-BoxUsage:r7g.large,i-04dc7d23b0e3e1853,simple-rag,database,,0.1292
2026-09-04T18:00:00Z,AmazonEC2,EUC1-BoxUsage:r7g.large,i-0cbd317f11af8998a,simple-rag,database,,0.1292
2026-09-04T18:00:00Z,AmazonEKS,EUC1-AmazonEKS-Hours:perCluster,arn:aws:eks:eu-central-1:790348267926:cluster/simple-rag-cluster,,,,0.1
2026-09-04T18:00:00Z,AmazonEC2,EUC1-BoxUsage:t3.large,i-000774fc9042827fa,simple-rag,core-on-demand,,0.096
2026-09-04T18:00:00Z,AmazonEC2,EUC1-BoxUsage:t3.large,i-024928ed4d6dacdf1,simple-rag,core-on-demand,,0.096
2026-09-04T18:00:00Z,AmazonEC2,EUC1-NatGateway-Hours,arn:aws:ec2:eu-central-1:790348267926:natgateway/nat-08e283a51761f1e9b,simple-rag,shared,,0.052
2026-09-04T18:00:00Z,AmazonEC2,EUC1-DataTransfer-Regional-Bytes,i-024928ed4d6dacdf1,simple-rag,core-on-demand,,0.0481643287
2026-09-04T18:00:00Z,AmazonEC2,EUC1-DataTransfer-Regional-Bytes,i-000774fc9042827fa,simple-rag,core-on-demand,,0.0427487015
2026-09-04T18:00:00Z,AmazonVPC,EUC1-VpcEndpoint-Hours,arn:aws:ec2:eu-central-1:790348267926:vpc-endpoint/vpce-06643e750a0c407cc,simple-rag,shared,,0.036
2026-09-04T18:00:00Z,AmazonVPC,EUC1-VpcEndpoint-Hours,arn:aws:ec2:eu-central-1:790348267926:vpc-endpoint/vpce-02a394392d9e4ff1b,simple-rag,shared,,0.036
2026-09-04T18:00:00Z,AWSELB,EUC1-LoadBalancerUsage,arn:aws:elasticloadbalancing:eu-central-1:790348267926:loadbalancer/net/k8s-ragplatf-ciliumga-e24be0dc76/e249bbc0f0ca55f7,,,,0.027
2026-09-04T18:00:00Z,AmazonEKS,EUC1-Fargate-vCPU-Hours:perCPU,arn:aws:eks:eu-central-1:790348267926:pod/simple-rag-cluster/karpenter/karpenter-7894f49b5c-d76hx/3f79e0ba-a98f-4636-990f-4e049ac4a03f,,,,0.02328
2026-09-04T18:00:00Z,AmazonEKS,EUC1-Fargate-vCPU-Hours:perCPU,arn:aws:eks:eu-central-1:790348267926:pod/simple-rag-cluster/karpenter/karpenter-7894f49b5c-t7z4k/a9ea1551-985e-4b1e-a8f1-65724b7a569b,,,,0.02328
2026-09-04T18:00:00Z,AmazonEC2,EUC1-EBS:VolumeUsage.gp3,vol-06668d97c1216b1e6,simple-rag,shared,,0.0198333333
2026-09-04T18:00:00Z,AmazonEC2,EUC1-EBS:VolumeUsage.gp3,vol-05b6f7435be2a0064,,,,0.0066111111
2026-09-04T18:00:00Z,AmazonEC2,EUC1-EBS:VolumeUsage.gp3,vol-0d2756f69b9b45ae4,,,,0.0066111111
2026-09-04T18:00:00Z,AmazonEC2,EUC1-EBS:VolumeUsage.gp3,vol-087ef691ffddb546d,,,,0.0066111111
2026-09-04T18:00:00Z,AmazonEC2,EUC1-EBS:VolumeUsage.gp3,vol-0d56318bc3d9cf78c,,,,0.0066111111
2026-09-04T18:00:00Z,AmazonEC2,EUC1-DataTransfer-Regional-Bytes,i-000774fc9042827fa,simple-rag,core-on-demand,,0.0053970593
2026-09-04T18:00:00Z,AmazonEKS,EUC1-Fargate-GB-Hours,arn:aws:eks:eu-central-1:790348267926:pod/simple-rag-cluster/karpenter/karpenter-7894f49b5c-d76hx/3f79e0ba-a98f-4636-990f-4e049ac4a03f,,,,0.00511
2026-09-04T18:00:00Z,AmazonEKS,EUC1-Fargate-GB-Hours,arn:aws:eks:eu-central-1:790348267926:pod/simple-rag-cluster/karpenter/karpenter-7894f49b5c-t7z4k/a9ea1551-985e-4b1e-a8f1-65724b7a569b,,,,0.00511
2026-09-04T18:00:00Z,AmazonVPC,EUC1-PublicIPv4:InUseAddress,arn:aws:ec2:eu-central-1:790348267926:network-interface/eni-0762c6d65ef2f8bb2,,,,0.005
2026-09-04T18:00:00Z,AmazonVPC,EUC1-PublicIPv4:InUseAddress,arn:aws:ec2:eu-central-1:790348267926:network-interface/eni-03bd95de2c69b6e36,,,,0.005
2026-09-04T18:00:00Z,AmazonVPC,EUC1-PublicIPv4:InUseAddress,arn:aws:ec2:eu-central-1:790348267926:network-interface/eni-0c20dd828753d44ba,,,,0.005
2026-09-04T18:00:00Z,AmazonVPC,EUC1-PublicIPv4:InUseAddress,arn:aws:ec2:eu-central-1:790348267926:network-interface/eni-0cb6e6a246fbca17c,,,,0.005
2026-09-04T18:00:00Z,AmazonEC2,EUC1-NatGateway-Bytes,arn:aws:ec2:eu-central-1:790348267926:natgateway/nat-08e283a51761f1e9b,simple-rag,shared,,0.0027565078
2026-09-04T18:00:00Z,AmazonEC2,EUC1-EBS:VolumeUsage.gp3,vol-0419af6a71ede6ce9,simple-rag,core-on-demand,,0.0026444444
2026-09-04T18:00:00Z,AmazonEC2,EUC1-EBS:VolumeUsage.gp3,vol-067294104dab552a0,simple-rag,core-on-demand,,0.0026444444
2026-09-04T18:00:00Z,AmazonEC2,EUC1-DataTransfer-Regional-Bytes,i-024928ed4d6dacdf1,simple-rag,core-on-demand,,0.0026188635
2026-09-04T18:00:00Z,AmazonEC2,EUC1-EBS:VolumeUsage.gp3,vol-0d4c0b2932e80001c,simple-rag,apps-serving,apps-serving,0.0019377901
2026-09-04T18:00:00Z,AmazonEC2,EUC1-EBS:VolumeUsage.gp3,vol-0762aa599dabb0640,simple-rag,apps-serving,apps-serving,0.0019253025
2026-09-04T18:00:00Z,AmazonEC2,EUC1-EBS:VolumeUsage.gp3,vol-0e9da4a4252d7ffe5,simple-rag,database,,0.001893716
2026-09-04T18:00:00Z,AmazonEC2,EUC1-EBS:VolumeUsage.gp3,vol-0fcad6970a407fceb,simple-rag,database,,0.001893716
2026-09-04T18:00:00Z,awskms,eu-central-1-KMS-Keys,arn:aws:kms:eu-central-1:790348267926:key/a45ca597-dc2a-44a0-9199-0ac85c067d09,,,,0.0013888889
2026-09-04T18:00:00Z,AmazonEC2,EUC1-EBS:VolumeUsage.gp3,vol-0ecaff5e5057c9450,,,,0.0013222222
2026-09-04T18:00:00Z,AmazonEC2,EUC1-EBS:VolumeUsage.gp3,vol-07423f03d288f8f4c,,,,0.0013222222
2026-09-04T18:00:00Z,AmazonEC2,EUC1-EBS:VolumeUsage.gp3,vol-00e83c74f9bd1114c,,,,0.0013222222
2026-09-04T18:00:00Z,AmazonEC2,EUC1-EBS:VolumeUsage.gp3,vol-08044db097d9917e2,,,,0.0013222222
2026-09-04T18:00:00Z,AmazonEKS,EUC1-DataTransfer-Regional-Bytes,arn:aws:eks:eu-central-1:790348267926:pod/simple-rag-cluster/karpenter/karpenter-7894f49b5c-d76hx/3f79e0ba-a98f-4636-990f-4e049ac4a03f,,,,0.0006071693
2026-09-04T18:00:00Z,AmazonEC2,EUC1-DataTransfer-Regional-Bytes,i-04dc7d23b0e3e1853,simple-rag,database,,0.0004844564
2026-09-04T18:00:00Z,AmazonEC2,EUC1-DataTransfer-Regional-Bytes,i-0f2304c2237f0b82f,simple-rag,apps-serving,apps-serving,0.0004736342
2026-09-04T18:00:00Z,AmazonEC2,EUC1-DataTransfer-Regional-Bytes,arn:aws:ec2:eu-central-1:790348267926:natgateway/nat-08e283a51761f1e9b,simple-rag,shared,,0.0002895735
2026-09-04T18:00:00Z,AmazonEC2,EUC1-DataTransfer-Regional-Bytes,arn:aws:ec2:eu-central-1:790348267926:natgateway/nat-08e283a51761f1e9b,simple-rag,shared,,0.0002634038
2026-09-04T18:00:00Z,AmazonEC2,EUC1-DataTransfer-Regional-Bytes,i-04dc7d23b0e3e1853,simple-rag,database,,8.43947e-05
2026-09-04T18:00:00Z,AmazonEC2,EUC1-DataTransfer-Regional-Bytes,i-0cbd317f11af8998a,simple-rag,database,,8.43557e-05
2026-09-04T18:00:00Z,AmazonEC2,EUC1-DataTransfer-Regional-Bytes,i-0cbd317f11af8998a,simple-rag,database,,7.32264e-05
2026-09-04T18:00:00Z,AmazonEKS,EUC1-DataTransfer-Regional-Bytes,arn:aws:eks:eu-central-1:790348267926:pod/simple-rag-cluster/karpenter/karpenter-7894f49b5c-t7z4k/a9ea1551-985e-4b1e-a8f1-65724b7a569b,,,,6.84142e-05
2026-09-04T18:00:00Z,AmazonEC2,EUC1-DataTransfer-Regional-Bytes,i-0f2304c2237f0b82f,simple-rag,apps-serving,apps-serving,3.15932e-05
2026-09-04T18:00:00Z,AmazonEC2,EUC1-DataTransfer-Regional-Bytes,arn:aws:ec2:eu-central-1:790348267926:natgateway/nat-08e283a51761f1e9b,simple-rag,shared,,2.91663e-05
2026-09-04T18:00:00Z,AmazonEC2,EUC1-DataTransfer-Regional-Bytes,i-0fdfa4715dd494628,simple-rag,apps-serving,apps-serving,1.95739e-05
2026-09-04T18:00:00Z,AmazonEC2,EUC1-DataTransfer-Regional-Bytes,i-0fdfa4715dd494628,simple-rag,apps-serving,apps-serving,9.2512e-06
2026-09-04T18:00:00Z,AmazonS3,EUC1-Requests-Tier1,simple-rag-raw-docs-07f373d08a67,simple-rag,shared,,5.4e-06
2026-09-04T18:00:00Z,AmazonEC2,EUC1-DataTransfer-Regional-Bytes,arn:aws:ec2:eu-central-1:790348267926:natgateway/nat-08e283a51761f1e9b,simple-rag,shared,,1.4748e-06
2026-09-04T18:00:00Z,AmazonEC2,EUC1-USE1-AWS-Out-Bytes,arn:aws:ec2:eu-central-1:790348267926:natgateway/nat-08e283a51761f1e9b,simple-rag,shared,,7.08e-07
2026-09-04T18:00:00Z,AmazonEC2,EUC1-USE1-AWS-Out-Bytes,arn:aws:ec2:eu-central-1:790348267926:natgateway/nat-08e283a51761f1e9b,simple-rag,shared,,2.394e-07
2026-09-04T18:00:00Z,AmazonEC2,EUC1-EUW2-AWS-Out-Bytes,arn:aws:ec2:eu-central-1:790348267926:natgateway/nat-08e283a51761f1e9b,simple-rag,shared,,1.232e-07
2026-09-04T18:00:00Z,AWSELB,EUC1-LCUUsage,arn:aws:elasticloadbalancing:eu-central-1:790348267926:loadbalancer/net/k8s-ragplatf-ciliumga-e24be0dc76/e249bbc0f0ca55f7,,,,8.98e-08
2026-09-04T18:00:00Z,AWSELB,EUC1-EUN1-AWS-Out-Bytes,arn:aws:elasticloadbalancing:eu-central-1:790348267926:loadbalancer/net/k8s-ragplatf-ciliumga-e24be0dc76/e249bbc0f0ca55f7,,,,1.5e-09
2026-09-04T18:00:00Z,AmazonCloudWatch,EUC1-CW:Requests,,,,,0.0
2026-09-04T18:00:00Z,awskms,eu-central-1-KMS-Requests,arn:aws:kms:eu-central-1:790348267926:key/a45ca597-dc2a-44a0-9199-0ac85c067d09,,,,0.0
2026-09-04T18:00:00Z,AWSELB,EUC1-APS1-AWS-In-Bytes,arn:aws:elasticloadbalancing:eu-central-1:790348267926:loadbalancer/net/k8s-ragplatf-ciliumga-e24be0dc76/e249bbc0f0ca55f7,,,,0.0
2026-09-04T18:00:00Z,AWSELB,EUC1-EUW2-AWS-In-Bytes,arn:aws:elasticloadbalancing:eu-central-1:790348267926:loadbalancer/net/k8s-ragplatf-ciliumga-e24be0dc76/e249bbc0f0ca55f7,,,,0.0
2026-09-04T18:00:00Z,AWSELB,EUC1-USE1-AWS-In-Bytes,arn:aws:elasticloadbalancing:eu-central-1:790348267926:loadbalancer/net/k8s-ragplatf-ciliumga-e24be0dc76/e249bbc0f0ca55f7,,,,0.0
2026-09-04T18:00:00Z,AWSELB,EUC1-USE2-AWS-In-Bytes,arn:aws:elasticloadbalancing:eu-central-1:790348267926:loadbalancer/net/k8s-ragplatf-ciliumga-e24be0dc76/e249bbc0f0ca55f7,,,,0.0
2026-09-04T18:00:00Z,AWSELB,EUC1-USW2-AWS-In-Bytes,arn:aws:elasticloadbalancing:eu-central-1:790348267926:loadbalancer/net/k8s-ragplatf-ciliumga-e24be0dc76/e249bbc0f0ca55f7,,,,0.0
2026-09-04T18:00:00Z,AWSELB,EUC1-DataTransfer-In-Bytes,arn:aws:elasticloadbalancing:eu-central-1:790348267926:loadbalancer/net/k8s-ragplatf-ciliumga-e24be0dc76/e249bbc0f0ca55f7,,,,0.0
2026-09-04T18:00:00Z,AWSELB,EUC1-DataTransfer-In-Bytes,arn:aws:elasticloadbalancing:eu-central-1:790348267926:loadbalancer/net/k8s-ragplatf-ciliumga-e24be0dc76/e249bbc0f0ca55f7,,,,0.0
2026-09-04T18:00:00Z,AWSELB,EUC1-DataTransfer-In-Bytes,arn:aws:elasticloadbalancing:eu-central-1:790348267926:loadbalancer/net/k8s-ragplatf-ciliumga-e24be0dc76/e249bbc0f0ca55f7,,,,0.0
2026-09-04T18:00:00Z,AWSELB,EUC1-DataTransfer-In-Bytes,arn:aws:elasticloadbalancing:eu-central-1:790348267926:loadbalancer/net/k8s-ragplatf-ciliumga-e24be0dc76/e249bbc0f0ca55f7,,,,0.0
2026-09-04T18:00:00Z,AWSELB,EUC1-DataTransfer-In-Bytes,arn:aws:elasticloadbalancing:eu-central-1:790348267926:loadbalancer/net/k8s-ragplatf-ciliumga-e24be0dc76/e249bbc0f0ca55f7,,,,0.0
2026-09-04T18:00:00Z,AWSELB,EUC1-DataTransfer-In-Bytes,arn:aws:elasticloadbalancing:eu-central-1:790348267926:loadbalancer/net/k8s-ragplatf-ciliumga-e24be0dc76/e249bbc0f0ca55f7,,,,0.0
2026-09-04T18:00:00Z,AWSELB,EUC1-DataTransfer-In-Bytes,arn:aws:elasticloadbalancing:eu-central-1:790348267926:loadbalancer/net/k8s-ragplatf-ciliumga-e24be0dc76/e249bbc0f0ca55f7,,,,0.0
2026-09-04T18:00:00Z,AWSELB,EUC1-DataTransfer-In-Bytes,arn:aws:elasticloadbalancing:eu-central-1:790348267926:loadbalancer/net/k8s-ragplatf-ciliumga-e24be0dc76/e249bbc0f0ca55f7,,,,0.0
2026-09-04T18:00:00Z,AWSELB,EUC1-DataTransfer-In-Bytes,arn:aws:elasticloadbalancing:eu-central-1:790348267926:loadbalancer/net/k8s-ragplatf-ciliumga-e24be0dc76/e249bbc0f0ca55f7,,,,0.0
2026-09-04T18:00:00Z,AWSELB,EUC1-DataTransfer-In-Bytes,arn:aws:elasticloadbalancing:eu-central-1:790348267926:loadbalancer/net/k8s-ragplatf-ciliumga-e24be0dc76/e249bbc0f0ca55f7,,,,0.0
2026-09-04T18:00:00Z,AWSELB,EUC1-DataTransfer-In-Bytes,arn:aws:elasticloadbalancing:eu-central-1:790348267926:loadbalancer/net/k8s-ragplatf-ciliumga-e24be0dc76/e249bbc0f0ca55f7,,,,0.0
2026-09-04T18:00:00Z,AWSELB,EUC1-DataTransfer-In-Bytes,arn:aws:elasticloadbalancing:eu-central-1:790348267926:loadbalancer/net/k8s-ragplatf-ciliumga-e24be0dc76/e249bbc0f0ca55f7,,,,0.0
2026-09-04T18:00:00Z,AWSELB,EUC1-DataTransfer-In-Bytes,arn:aws:elasticloadbalancing:eu-central-1:790348267926:loadbalancer/net/k8s-ragplatf-ciliumga-e24be0dc76/e249bbc0f0ca55f7,,,,0.0
2026-09-04T18:00:00Z,AWSELB,EUC1-DataTransfer-In-Bytes,arn:aws:elasticloadbalancing:eu-central-1:790348267926:loadbalancer/net/k8s-ragplatf-ciliumga-e24be0dc76/e249bbc0f0ca55f7,,,,0.0
2026-09-04T18:00:00Z,AWSELB,EUC1-DataTransfer-In-Bytes,arn:aws:elasticloadbalancing:eu-central-1:790348267926:loadbalancer/net/k8s-ragplatf-ciliumga-e24be0dc76/e249bbc0f0ca55f7,,,,0.0
2026-09-04T18:00:00Z,AWSELB,EUC1-DataTransfer-Out-Bytes,arn:aws:elasticloadbalancing:eu-central-1:790348267926:loadbalancer/net/k8s-ragplatf-ciliumga-e24be0dc76/e249bbc0f0ca55f7,,,,0.0
2026-09-04T18:00:00Z,AWSELB,EUC1-DataTransfer-Out-Bytes,arn:aws:elasticloadbalancing:eu-central-1:790348267926:loadbalancer/net/k8s-ragplatf-ciliumga-e24be0dc76/e249bbc0f0ca55f7,,,,0.0
2026-09-04T18:00:00Z,AWSELB,EUC1-DataTransfer-Out-Bytes,arn:aws:elasticloadbalancing:eu-central-1:790348267926:loadbalancer/net/k8s-ragplatf-ciliumga-e24be0dc76/e249bbc0f0ca55f7,,,,0.0
2026-09-04T18:00:00Z,AWSELB,EUC1-DataTransfer-Out-Bytes,arn:aws:elasticloadbalancing:eu-central-1:790348267926:loadbalancer/net/k8s-ragplatf-ciliumga-e24be0dc76/e249bbc0f0ca55f7,,,,0.0
2026-09-04T18:00:00Z,AWSELB,EUC1-EUN1-AWS-In-Bytes,arn:aws:elasticloadbalancing:eu-central-1:790348267926:loadbalancer/net/k8s-ragplatf-ciliumga-e24be0dc76/e249bbc0f0ca55f7,,,,0.0
2026-09-04T18:00:00Z,AWSQueueService,EUC1-Requests-Tier1,arn:aws:sqs:eu-central-1:790348267926:simple-rag-stage-1-parsing,simple-rag,shared,,0.0
2026-09-04T18:00:00Z,AWSQueueService,EUC1-Requests-Tier1,arn:aws:sqs:eu-central-1:790348267926:simple-rag-stage-2-indexing,simple-rag,shared,,0.0
2026-09-04T18:00:00Z,AWSQueueService,EUC1-Requests-Tier1,arn:aws:sqs:eu-central-1:790348267926:simple-rag-stage-1-parsing,simple-rag,shared,,0.0
2026-09-04T18:00:00Z,AWSQueueService,EUC1-Requests-Tier1,arn:aws:sqs:eu-central-1:790348267926:simple-rag-stage-2-indexing,simple-rag,shared,,0.0
2026-09-04T18:00:00Z,AWSQueueService,EUC1-Requests-Tier1,arn:aws:sqs:eu-central-1:790348267926:simple-rag-cluster-karpenter-interruption,simple-rag,shared,,0.0
2026-09-04T18:00:00Z,AmazonEC2,EUC1-APS1-AWS-In-Bytes,arn:aws:ec2:eu-central-1:790348267926:natgateway/nat-08e283a51761f1e9b,simple-rag,shared,,0.0
2026-09-04T18:00:00Z,AmazonEC2,EUC1-EUW2-AWS-In-Bytes,arn:aws:ec2:eu-central-1:790348267926:natgateway/nat-08e283a51761f1e9b,simple-rag,shared,,0.0
2026-09-04T18:00:00Z,AmazonEC2,EUC1-USE1-AWS-In-Bytes,arn:aws:ec2:eu-central-1:790348267926:natgateway/nat-08e283a51761f1e9b,simple-rag,shared,,0.0
2026-09-04T18:00:00Z,AmazonEC2,EUC1-USE1-AWS-In-Bytes,arn:aws:ec2:eu-central-1:790348267926:natgateway/nat-08e283a51761f1e9b,simple-rag,shared,,0.0
2026-09-04T18:00:00Z,AmazonEC2,EUC1-USE2-AWS-In-Bytes,arn:aws:ec2:eu-central-1:790348267926:natgateway/nat-08e283a51761f1e9b,simple-rag,shared,,0.0
2026-09-04T18:00:00Z,AmazonEC2,EUC1-USW2-AWS-In-Bytes,arn:aws:ec2:eu-central-1:790348267926:natgateway/nat-08e283a51761f1e9b,simple-rag,shared,,0.0
2026-09-04T18:00:00Z,AmazonEC2,EUC1-DataTransfer-In-Bytes,arn:aws:ec2:eu-central-1:790348267926:natgateway/nat-08e283a51761f1e9b,simple-rag,shared,,0.0
2026-09-04T18:00:00Z,AmazonEC2,EUC1-DataTransfer-In-Bytes,arn:aws:ec2:eu-central-1:790348267926:natgateway/nat-08e283a51761f1e9b,simple-rag,shared,,0.0
2026-09-04T18:00:00Z,AmazonEC2,EUC1-DataTransfer-In-Bytes,arn:aws:ec2:eu-central-1:790348267926:natgateway/nat-08e283a51761f1e9b,simple-rag,shared,,0.0
2026-09-04T18:00:00Z,AmazonEC2,EUC1-DataTransfer-In-Bytes,arn:aws:ec2:eu-central-1:790348267926:natgateway/nat-08e283a51761f1e9b,simple-rag,shared,,0.0
2026-09-04T18:00:00Z,AmazonEC2,EUC1-DataTransfer-In-Bytes,arn:aws:ec2:eu-central-1:790348267926:natgateway/nat-08e283a51761f1e9b,simple-rag,shared,,0.0
2026-09-04T18:00:00Z,AmazonEC2,EUC1-DataTransfer-In-Bytes,arn:aws:ec2:eu-central-1:790348267926:natgateway/nat-08e283a51761f1e9b,simple-rag,shared,,0.0
2026-09-04T18:00:00Z,AmazonEC2,EUC1-DataTransfer-In-Bytes,arn:aws:ec2:eu-central-1:790348267926:natgateway/nat-08e283a51761f1e9b,simple-rag,shared,,0.0
2026-09-04T18:00:00Z,AmazonEC2,EUC1-DataTransfer-In-Bytes,arn:aws:ec2:eu-central-1:790348267926:natgateway/nat-08e283a51761f1e9b,simple-rag,shared,,0.0
2026-09-04T18:00:00Z,AmazonEC2,EUC1-DataTransfer-In-Bytes,arn:aws:ec2:eu-central-1:790348267926:natgateway/nat-08e283a51761f1e9b,simple-rag,shared,,0.0
2026-09-04T18:00:00Z,AmazonEC2,EUC1-DataTransfer-In-Bytes,arn:aws:ec2:eu-central-1:790348267926:natgateway/nat-08e283a51761f1e9b,simple-rag,shared,,0.0
2026-09-04T18:00:00Z,AmazonEC2,EUC1-DataTransfer-In-Bytes,arn:aws:ec2:eu-central-1:790348267926:natgateway/nat-08e283a51761f1e9b,simple-rag,shared,,0.0
2026-09-04T18:00:00Z,AmazonEC2,EUC1-DataTransfer-In-Bytes,arn:aws:ec2:eu-central-1:790348267926:natgateway/nat-08e283a51761f1e9b,simple-rag,shared,,0.0
2026-09-04T18:00:00Z,AmazonEC2,EUC1-DataTransfer-In-Bytes,arn:aws:ec2:eu-central-1:790348267926:natgateway/nat-08e283a51761f1e9b,simple-rag,shared,,0.0
2026-09-04T18:00:00Z,AmazonEC2,EUC1-DataTransfer-In-Bytes,arn:aws:ec2:eu-central-1:790348267926:natgateway/nat-08e283a51761f1e9b,simple-rag,shared,,0.0
2026-09-04T18:00:00Z,AmazonEC2,EUC1-DataTransfer-In-Bytes,arn:aws:ec2:eu-central-1:790348267926:natgateway/nat-08e283a51761f1e9b,simple-rag,shared,,0.0
2026-09-04T18:00:00Z,AmazonS3,EUC1-DataTransfer-Out-Bytes,simple-rag-raw-docs-07f373d08a67,simple-rag,shared,,0.0
2026-09-04T18:00:00Z,AmazonEC2,EUC1-DataTransfer-Out-Bytes,arn:aws:ec2:eu-central-1:790348267926:natgateway/nat-08e283a51761f1e9b,simple-rag,shared,,0.0
2026-09-04T18:00:00Z,AmazonEC2,EUC1-DataTransfer-Out-Bytes,arn:aws:ec2:eu-central-1:790348267926:natgateway/nat-08e283a51761f1e9b,simple-rag,shared,,0.0
2026-09-04T18:00:00Z,AmazonEC2,EUC1-DataTransfer-Out-Bytes,arn:aws:ec2:eu-central-1:790348267926:natgateway/nat-08e283a51761f1e9b,simple-rag,shared,,0.0
